[
  {
    "Cleaned_Ingredients": "['1 (3½–4-lb.) whole chicken', '2¾ tsp. kosher salt, divided, plus more', '2 small acorn squash (about 3 lb. total)', '2 Tbsp. finely chopped sage', '1 Tbsp. finely chopped rosemary', '6 Tbsp. unsalted butter, melted, plus 3 Tbsp. room temperature', '¼ tsp. ground allspice', 'Pinch of crushed red pepper flakes', 'Freshly ground black pepper', '⅓ loaf good-quality sturdy white bread, torn into 1\" pieces (about 2½ cups)', '2 medium apples (such as Gala or Pink Lady; about 14 oz. total), cored, cut into 1\" pieces', '2 Tbsp. extra-virgin olive oil', '½ small red onion, thinly sliced', '3 Tbsp. apple cider vinegar', '1 Tbsp. white miso', '¼ cup all-purpose flour', '2 Tbsp. unsalted butter, room temperature', '¼ cup dry white wine', '2 cups unsalted chicken broth', '2 tsp. white miso', 'Kosher salt', 'freshly ground pepper']",
    "Image_Name": "miso-butter-roast-chicken-acorn-squash-panzanella",
    "Instructions": "Pat chicken dry with paper towels, season all over with 2 tsp. salt, and tie legs together with kitchen twine. Let sit at room temperature 1 hour.\nMeanwhile, halve squash and scoop out seeds. Run a vegetable peeler along ridges of squash halves to remove skin. Cut each half into ½\"-thick wedges; arrange on a rimmed baking sheet.\nCombine sage, rosemary, and 6 Tbsp. melted butter in a large bowl; pour half of mixture over squash on baking sheet. Sprinkle squash with allspice, red pepper flakes, and ½ tsp. salt and season with black pepper; toss to coat.\nAdd bread, apples, oil, and ¼ tsp. salt to remaining herb butter in bowl; season with black pepper and toss to combine. Set aside.\nPlace onion and vinegar in a small bowl; season with salt and toss to coat. Let sit, tossing occasionally, until ready to serve.\nPlace a rack in middle and lower third of oven; preheat to 425°F. Mix miso and 3 Tbsp. room-temperature butter in a small bowl until smooth. Pat chicken dry with paper towels, then rub or brush all over with miso butter. Place chicken in a large cast-iron skillet and roast on middle rack until an instant-read thermometer inserted into the thickest part of breast registers 155°F, 50–60 minutes. (Temperature will climb to 165°F while chicken rests.) Let chicken rest in skillet at least 5 minutes, then transfer to a plate; reserve skillet.\nMeanwhile, roast squash on lower rack until mostly tender, about 25 minutes. Remove from oven and scatter reserved bread mixture over, spreading into as even a layer as you can manage. Return to oven and roast until bread is golden brown and crisp and apples are tender, about 15 minutes. Remove from oven, drain pickled onions, and toss to combine. Transfer to a serving dish.\nUsing your fingers, mash flour and butter in a small bowl to combine.\nSet reserved skillet with chicken drippings over medium heat. You should have about ¼ cup, but a little over or under is all good. (If you have significantly more, drain off and set excess aside.) Add wine and cook, stirring often and scraping up any browned bits with a wooden spoon, until bits are loosened and wine is reduced by about half (you should be able to smell the wine), about 2 minutes. Add butter mixture; cook, stirring often, until a smooth paste forms, about 2 minutes. Add broth and any reserved drippings and cook, stirring constantly, until combined and thickened, 6–8 minutes. Remove from heat and stir in miso. Taste and season with salt and black pepper.\nServe chicken with gravy and squash panzanella alongside.",
    "Title": "Miso-Butter Roast Chicken With Acorn Squash Panzanella",
    "field1": "0"
  },
  {
    "Cleaned_Ingredients": "['2 large egg whites', '1 pound new potatoes (about 1 inch in diameter)', '2 teaspoons kosher salt', '¾ teaspoon finely ground black pepper', '1 teaspoon finely chopped rosemary', '1 teaspoon finely chopped thyme', '1 teaspoon finely chopped parsley']",
    "Image_Name": "crispy-salt-and-pepper-potatoes-dan-kluger",
    "Instructions": "Preheat oven to 400°F and line a rimmed baking sheet with parchment. In a large bowl, whisk the egg whites until foamy (there shouldn’t be any liquid whites in the bowl). Add the potatoes and toss until they’re well coated with the egg whites, then transfer to a strainer or colander and let the excess whites drain. Season the potatoes with the salt, pepper, and herbs. Scatter the potatoes on the baking sheet (make sure they’re not touching) and roast until the potatoes are very crispy and tender when poked with a knife, 15 to 20 minutes (depending on the size of the potatoes).\nTransfer to a bowl and serve.",
    "Title": "Crispy Salt and Pepper Potatoes",
    "field1": "1"
  },
  {
    "Cleaned_Ingredients": "['1 cup evaporated milk', '1 cup whole milk', '1 tsp. garlic powder', '1 tsp. onion powder', '1 tsp. smoked paprika', '½ tsp. freshly ground black pepper', '1 tsp. kosher salt, plus more', '2 lb. extra-sharp cheddar, coarsely grated', '4 oz. full-fat cream cheese', '1 lb. elbow macaroni']",
    "Image_Name": "thanksgiving-mac-and-cheese-erick-williams",
    "Instructions": "Place a rack in middle of oven; preheat to 400°. Bring evaporated milk and whole milk to a bare simmer in a large saucepan over medium heat. Whisk in garlic powder, onion powder, paprika, pepper, and 1 tsp. salt. Working in batches, whisk in three fourths of the cheddar, then all of the cream cheese.\nMeanwhile, bring a large pot of generously salted water to a boil (it should have a little less salt than seawater). Cook macaroni, stirring occasionally, until very al dente, about 4 minutes. Drain in a colander.\nAdd macaroni to cheese sauce in pan and mix until well coated. Evenly spread out half of macaroni mixture in a 13x9\" baking dish. Sprinkle half of remaining cheddar evenly over. Layer remaining macaroni mixture on top and sprinkle with remaining cheddar. Bake until all of the cheese is melted, about 10 minutes. Let cool slightly before serving.",
    "Title": "Thanksgiving Mac and Cheese",
    "field1": "2"
  },
  {
    "Cleaned_Ingredients": "['1 (¾- to 1-pound) round Italian loaf, cut into 1-inch cubes (8 cups)', '2 tablespoons olive oil, divided', '2 pounds sweet Italian sausage, casings removed, divided', '1 stick unsalted butter, cut into pieces', '3 medium onions, chopped', '4 large celery ribs, chopped', '5 garlic cloves, minced', '4 large eggs, lightly beaten', '¾ cup heavy cream, divided', '½ cup turkey giblet stock or reduced-sodium chicken broth', '1 cup grated Parmigiano-Reggiano (2 ounces)', '½ cup coarsely chopped flat-leaf parsley', '4-qt shallow ceramic or glass baking dish']",
    "Image_Name": "italian-sausage-and-bread-stuffing-240559",
    "Instructions": "Preheat oven to 350°F with rack in middle. Generously butter baking dish.\nPut bread in 2 shallow baking pans and bake, switching position of pans halfway through baking, until just dried out, about 10 minutes.\nHeat 1 tablespoon oil in a 12-inch heavy skillet over medium-high heat until it shimmers, then cook half of sausage, stirring and breaking it into small pieces, until golden brown, about 6 minutes. Transfer with a slotted spoon to a large bowl. Brown remaining sausage in remaining tablespoon oil, transferring to bowl.\nPour off fat from skillet and wipe clean. Heat butter over medium heat until foam subsides, then cook onions, celery, garlic, and ½ teaspoon each of salt and pepper, stirring occasionally, until golden, 12 to 15 minutes. Add vegetables and bread to sausage.\nWhisk together eggs, ½ cup cream, turkey stock, cheese, and parsley, then stir into stuffing and cool completely, about 30 minutes. Reserve 5 cups stuffing to stuff turkey and spoon remainder into baking dish, then drizzle with remaining ¼ cup cream. Cover stuffing and chill.\nAbout 1 hour before stuffed turkey is finished roasting, bring dish of stuffing to room temperature. When turkey is done, increase oven temperature to 425°F and bake stuffing, covered tightly with foil, until hot throughout, about 20 minutes. Remove foil and bake until top is golden and crisp, about 15 minutes more.\nCooks' Note: Bread can be toasted 3 days ahead and kept (once cool) in a sealed bag at room temperature. Stuffing can be prepared (but not baked) 4 hours before roasting turkey. If baking stuffing at the same time as potatoes, put stuffing in upper third of oven and potatoes in bottom third (allow extra time).",
    "Title": "Italian Sausage and Bread Stuffing",
    "field1": "3"
  },
  {
    "Cleaned_Ingredients": "['1 teaspoon dark brown sugar', '1 teaspoon hot water', '1 ½ oz. bourbon', '½ oz. fresh lemon juice', '2 teaspoons apple butter (storebought or homemade)', 'Garnish: orange twist and freshly grated or ground cinnamon']",
    "Image_Name": "newtons-law-apple-bourbon-cocktail",
    "Instructions": "Stir together brown sugar and hot water in a cocktail shaker to dissolve. Let cool, then add bourbon, lemon juice, and apple butter and fill with ice. Shake until well chilled, about 15 seconds. Strain into an ice-filled rocks glass. Garnish with orange twist and cinnamon.",
    "Title": "Newton's Law",
    "field1": "4"
  },
  {
    "Cleaned_Ingredients": "['2 chamomile tea bags', '1½ oz. reposado tequila', '¾ oz. fresh lemon juice', '1 Tbsp. agave nectar']",
    "Image_Name": "warm-comfort-tequila-chamomile-toddy",
    "Instructions": "Place 2 chamomile tea bags in a heatsafe vessel, such as a large liquid measuring cup. Pour in 1 ½ cups boiling water, and let steep 5 minutes, then remove tea bags.\nAdd 1 ½ oz. reposado tequila, ¾ oz. fresh lemon juice, and 1 Tbsp. agave nectar and stir until incorporated. Pour into a 16-ounce insulated mug (or two smaller 8-ounce mugs) and drink hot.",
    "Title": "Warm Comfort",
    "field1": "5"
  },
  {
    "Cleaned_Ingredients": "['3 oz. Grand Marnier', '1 oz. Amaro Averna', 'Small pat salted butter (about ½ teaspoon)', '1 cup hot apple cider', '1½ to 3 tsp. fresh lemon juice (to taste, depending on the sweetness of your cider)', 'Garnish: freshly ground pink peppercorns', 'plus 2 lemon wheels (optional)']",
    "Image_Name": "apples-and-oranges-spiked-cider",
    "Instructions": "Add 3 oz. Grand Marnier, 1 oz. Amaro Averna, and a small pat of salted butter to a 16-ounce travel mug or large heatproof measuring cup. Add 1 cup hot apple cider and stir until butter melts.\nAdd 1½ tsp. fresh lemon juice and taste for sweetness, adding additional if needed. If serving in travel mug, garnish with ground pink peppercorns and seal. If serving in mugs, divide drink between two warmed mugs and garnish each with a pink peppercorn-dusted lemon wheel.",
    "Title": "Apples and Oranges",
    "field1": "6"
  },
  {
    "Cleaned_Ingredients": "['¼ cup granulated sugar', '¾ tsp. ground turmeric', '1 ½ oz. Amontillado sherry', '1 oz. bourbon, aged rum, Scotch, mezcal, or gin', '1 oz. Turmeric Syrup', '½ oz. fresh lemon juice', 'Garnish: Dehydrated lemon wheel (optional)']",
    "Image_Name": "turmeric-hot-toddy-claire-sprouse",
    "Instructions": "For the turmeric syrup, combine ½ cup hot water and ¼ cup sugar in a liquid measuring cup or mason jar. Add ¾ tsp. ground turmeric and stir—or seal and shake—until sugar is completely dissolved. (This makes enough syrup for 4 drinks. Syrup can be used immediately or refrigerated, covered, up to 10 days. Shake or stir before using to reincorporate turmeric.)\nFor the toddy, combine 1 ½ oz. Amontillado sherry, 1 oz. bourbon (or other spirit of choice), 1 oz. Turmeric Syrup, and ½ oz. fresh lemon juice in a sturdy pint glass or 16-ounce thermos. Top with 8 oz. hot water and stir gently. Garnish with dehydrated lemon wheel if desired.",
    "Title": "Turmeric Hot Toddy",
    "field1": "7"
  },
  {
    "Cleaned_Ingredients": "['¾ cup assorted dals (such as chana dal, moong dal, masoor dal, and/or urad dal)', '¼ cup white jasmine rice or other long-grain rice', '¼ cup pearl barley', '1½ lb. bone-in lamb stew meat', '3 tsp. kosher salt, divided, plus more', '1 6\" piece fresh ginger', '3 medium shallots, thinly sliced', '⅓ cup ghee or vegetable oil', '4 garlic cloves, finely grated', '2 Tbsp. plus 1½ tsp. garam masala', '1 tsp. (or more) cayenne pepper', '1 tsp. ground turmeric', '3 green Thai chiles, stems removed (optional)', '½ cup (lightly packed) chopped cilantro, plus more for serving', '½ white onion, finely chopped', '2 limes', 'cut into wedges']",
    "Image_Name": "instant-pot-lamb-haleem",
    "Instructions": "Combine dals, rice, and barley in a medium bowl. Pour in water to cover and swish dals and grains around with your fingers. Drain and repeat process until water runs clear enough to see your hands through. Pour in water to cover and let dals and grains soak at room temperature at least 2 hours, or cover and chill up to 12 hours.\nPlace lamb on a plate, pat dry with paper towels, and season all over with 2 tsp. salt; set aside. Peel ginger by scraping off skin with a spoon. Finely grate half of ginger; set aside. Thinly slice remaining ginger. Stack slices and cut crosswise into matchsticks; set aside.\nIf using an electric pressure cooker, combine shallots and ghee in pot and set to sauté function or high. Cook, stirring often and adjusting heat as needed if your cooker has that option, until shallots are just beginning to brown, about 8 minutes (or about 6 minutes if cooking in oil). Reduce to normal function or medium if possible, or, if your cooker doesn’t have a lower setting, turn off for a minute if mixture is getting too hot. Add reserved ginger matchsticks and cook, stirring often, until shallots are brown and crisp and ginger is frizzled, 4–10 minutes, depending on your cooker. Using a slotted spoon, transfer shallots and ginger to a plate, spreading out into a single layer. Season lightly with salt; let cool.\nAdd garlic, garam masala, cayenne, turmeric, and reserved grated ginger, and cook, stirring constantly, until fragrant, about 30 seconds. Add lamb and stir to coat in spices. Cook, stirring often with a wooden spoon and repeatedly adding splashes of water as spices begin to stick to bottom of pot and scraping up browned bits, until flavors come together, about 15 minutes.(Bhuna, the process of repeated sticking and scraping, is a Southeast Asian cooking technique that brings out the flavor of the spices and ensures they don’t taste raw and grainy.)\nDrain dal mixture and add to pot along with 1 tsp. salt and 5 cups water. Secure lid and bring to full pressure according to manufacturer’s directions. Cook 1½ hours. Let sit 20 minutes, then manually release pressure and open up.\nTaste haleem and add more salt and cayenne if needed. Add chiles if using. (These are for flavor, not heat; feel free to leave them out.) Simmer on normal function or medium, stirring often, 5 minutes. Stir in ½ cup cilantro.\nServe haleem with white onion, lime wedges, reserved crispy shallots and ginger, and more chopped cilantro.\nIf using a medium Dutch oven or stovetop pressure cooker, cook shallots and ghee over high heat, stirring often, until shallots are just beginning to brown, about 8 minutes (or about 6 minutes if cooking in oil). Add reserved ginger matchsticks and cook, stirring often, until shallots are brown and crisp and ginger is frizzled, 5–8 minutes. Using a slotted spoon, transfer shallots and ginger to a plate, spreading out in a single layer. Season lightly with salt; let cool.\nReduce heat to medium, add garlic, garam masala, cayenne, turmeric, and reserved grated ginger, and cook, stirring constantly, until fragrant, about 30 seconds. Add lamb and stir to coat in spices. Cook, stirring often with a wooden spoon and repeatedly adding splashes of water as spices begin to stick to bottom of pot and scraping up browned bits, until flavors come together, about 15 minutes. (Bhuna, the process of repeated sticking and scraping, is a Southeast Asian cooking technique that brings out the flavor of the spices and ensures they don’t taste raw and grainy.)\nDrain dal mixture and add to pot along with 1 tsp. salt and 6½ cups water (if using a Dutch oven) or 5 cups water (for pressure cooker). Increase heat to high and bring to a boil, then reduce heat to the low, cover pot, and cook, stirring and scraping bottom of pot every 15–20 minutes, until meat is falling off the bone and dals and grains have nearly melted into the stew, 4½–5 hours. (If using a stovetop cooker, increase heat to high and bring to a boil. Secure lid and bring to full pressure according to manufacturer’s directions. Cook 1½ hours. Let sit 20 minutes, then manually release pressure and open up.)\nTaste haleem and add more salt and cayenne if needed. Add chiles if using. (These are for flavor, not heat; feel free to leave them out.) Simmer over medium heat, stirring often, 5 minutes. Stir in ½ cup cilantro.\nServe haleem with white onion, lime wedges, reserved crispy shallots and ginger, and more chopped cilantro.\nDo ahead: Haleem can be made 1 day ahead. Let cool; cover and chill. Reheat over medium until warmed through.",
    "Title": "Instant Pot Lamb Haleem",
    "field1": "8"
  },
  {
    "Cleaned_Ingredients": "['1 (14.5-ounce) can basic lentil soup, like Amy’s', '1 large onion, thinly sliced', '½ tsp. turmeric', '1 tsp. cumin', '¼ tsp. Aleppo pepper or ⅛ tsp. crushed red pepper flakes', '2 Tbsp. tomato paste', '3 large eggs', '2 Tbsp. ghee, unsalted butter, or olive oil', '½ tsp. whole cumin seeds', 'Olive oil', 'Kosher salt and freshly ground black pepper', 'Parsley', 'for finishing']",
    "Image_Name": "spiced-lentil-and-caramelized-onion-baked-eggs",
    "Instructions": "Place an oven rack in the center of the oven, then preheat to 350°F.\nIn a medium, oven-safe pan, heat 1 Tbsp. olive oil over medium heat. Add 1 large, thinly sliced onion and ½ tsp. Kosher salt. Cook, stirring often, until golden brown, about 25 minutes.\nAdd ½ tsp. turmeric, 1 tsp. cumin, ¼ tsp. Aleppo pepper (or ⅛ tsp. crushed red pepper flakes), and 2 Tbsp. tomato paste. Cook and stir constantly until the onions are coated and the tomato paste has darkened slightly, about 2 minutes. Add ⅓ cup water; stir and scrape up all the browned bits on the bottom of the pan for 1 to 2 minutes, or until the liquid looks thickened and saucy. Add one 14-oz. can of lentil soup; cook, stirring to combine, 1 to 2 minutes. Turn off the heat and season with salt, pepper, and more Aleppo pepper or red pepper flakes to taste.\nUsing a spoon, create 3 wells in the lentil mixture. Carefully crack 1 egg into each well. Transfer the pan to the oven and bake until the whites of the eggs are just set, 11 to 13 minutes.\nWhile the eggs bake, in a small pot or butter warmer, heat 2 Tbsp. unsalted butter, ghee, or olive oil over medium heat. Add ½ tsp. cumin seeds; swirl the pan until the seeds start to sizzle and brown, 30 seconds to 1 minute. Remove from the heat.\nDrizzle the finished eggs with the butter mixture, season with salt and pepper, and garnish with parsley before serving.",
    "Title": "Spiced Lentil and Caramelized Onion Baked Eggs",
    "field1": "9"
  },
  {
    "Cleaned_Ingredients": "['1 (7 oz./200 g) can chipotle in adobo sauce', '½ garlic clove, minced', 'Kosher salt', '1½ tsp. cornstarch', '1 (5 fl oz./150 ml) can evaporated milk (about ½ cup plus 2 Tbsp)', '8 oz. (230 g) sharp or extra-sharp Cheddar cheese, coarsely grated (about 2 cups)', '2 oz. (55 g) cream cheese, roughly diced, at room temperature', '¼ cup (60 g) mayonnaise', '1 (4 oz./115 g) jar diced pimento peppers, drained', '1½ tsp. Chipotle Pepper Purée']",
    "Image_Name": "hot-pimento-cheese-dip-polina-chesnakova",
    "Instructions": "Put the chipotle peppers and adobo sauce in a small food processor or blender and blend until the mixture turns into a smooth purée. Set aside. The chipotle purée can be made in advance, stored in an airtight container, and refrigerated for up to 2 months.\nOn a cutting board, sprinkle the garlic with a large pinch of salt and gather it into a small mound. Holding the blunt side of the knife with both hands, press and scrape the knife’s sharp end, holding it at a slight angle, across the garlic mound to flatten it. Repeat, dragging it across the garlic, until you have a smooth paste. Set aside.\nIn a small bowl, mix the cornstarch and 1½ tsp. of the evaporated milk into a slurry. Pour the rest of the evaporated milk into a medium saucepan and stir in the slurry. Bring to a boil over medium-high heat, whisking constantly. Turn the heat to low and add the Cheddar gradually by the handful, stirring until the Cheddar is melted and the mixture is smooth. Add the cream cheese and whisk until it melts. Stir in the mayonnaise, pimento peppers, 1½ tsp. of the chipotle purée, and the garlic paste. Season with salt. Transfer to a serving bowl or keep it warm in a slow cooker and serve immediately.\nTo reheat the sauce, microwave it, stirring every 30 seconds, until fully melted.",
    "Title": "Hot Pimento Cheese Dip",
    "field1": "10"
  },
  {
    "Cleaned_Ingredients": "['1 (6- to 7-pound) bone-in, hickory-smoked, uncured fully cooked ham', '5 medium parsnips, peeled and halved lengthwise', '5 medium carrots, peeled and halved lengthwise', '1 cup maple syrup', '2 cups unsweetened apple juice', '½ cup packed dark brown sugar', '½ cup smooth Dijon mustard', '½ cup grainy Dijon mustard', '2 tablespoons apple cider vinegar', 'Kosher salt (if needed)']",
    "Image_Name": "spiral-ham-in-the-slow-cooker-guarnaschelli",
    "Ingredients": "['1 (6- to 7-pound) bone-in, hickory-smoked, uncured fully cooked ham', '5 medium parsnips, peeled and halved lengthwise', '5 medium carrots, peeled and halved lengthwise', '1 cup maple syrup', '2 cups unsweetened apple juice', '½ cup packed dark brown sugar', '½ cup smooth Dijon mustard', '½ cup grainy Dijon mustard', '2 tablespoons apple cider vinegar', 'Kosher salt (if needed)']",
    "Instructions": "Pour 3 cups of water into a 7-quart slow cooker. Add the ham, cut-side up, as well as the parsnips and carrots. Pour the maple syrup and apple juice over the ham, and sprinkle the brown sugar over the top. Cook on high, uncovered, for 30 to 45 minutes, then cover the slow cooker and cook on low until the ham is tender, 3 to 4 hours. Hams vary in size and tenderness, so be patient. When it’s tender, the meat should come off the bone with very little resistance. Taste a small piece for tenderness.\nTransfer the ham and vegetables to a deep serving platter (reserve the liquid in the pot). Use a pair of kitchen shears or scissors to cut the slices of ham off the bone and let them fall onto the platter. Stir both kinds of mustard and the vinegar into the cooking liquid left in the slow cooker and taste for seasoning—the sauce may or may not need salt. Pour the liquid over the ham and vegetables, and serve.",
    "Title": "Spiral Ham in the Slow Cooker",
    "field1": "11"
  },
  {
    "Cleaned_Ingredients": "['6 slices bacon, cut crosswise into ½-inch pieces', '2 celery ribs, chopped', '1 carrot, chopped', '1 medium onion, chopped', '¼ teaspoon cinnamon', '¾ pound boiling potatoes', '2 medium Granny Smith apples (about ¾ pound total)', '1 ½ pounds butternut squash, peeled, seeded, and cut into ½-inch pieces (3½ to 4 cups)', '2 cups reduced-sodium chicken stock or broth', '2 to 2½ cups water', 'Sour cream']",
    "Image_Name": "butternut-squash-apple-soup-365210",
    "Instructions": "Cook bacon in a 6-quart heavy pot over medium heat, stirring occasionally, until crisp, then transfer with a slotted spoon to paper towels to drain, reserving 2 tablespoons fat in pot. (Add vegetable oil if your bacon is very lean and doesn't yield enough fat.)\nCook celery, carrot, and onion in fat in pot over low heat, covered, stirring occasionally, until softened but not browned, 10 to 12 minutes. Add cinnamon and cook, uncovered, stirring, 1 minute.\nWhile vegetables are cooking, peel potatoes and coarsely chop. Peel and core 1 apple and coarsely chop.\nStir squash, potato, chopped apple, stock, 2 cups water, 1 teaspoon salt and 1/2 teaspoon pepper into onion mixture, then simmer, uncovered, stirring occasionally, until vegetables are very tender, 15 to 20 minutes.\nPuree soup in 4 batches in a blender (use caution when blending hot liquids), then heat in cleaned pot over medium low heat, stirring occasionally. (Add additional 1/2 cup water to thin, if necessary.)\nWhile soup is heating, cut enough of remaining apple into thin matchsticks (about 1 1/2-inches long) to measure about 1/2 cup.\nServe soup topped with sour cream, bacon, and apple matchsticks.\nCooks' Notes: Soup can be made 2 days ahead and chilled, covered once cooled. Cooked bacon can be kept refrigerated in an airtight container—reheat in a 375°F oven in a small baking pan.",
    "Title": "Butternut Squash and Apple Soup",
    "field1": "12"
  },
  {
    "Cleaned_Ingredients": "['8 anchovies, mashed to a paste', '8 garlic cloves, finely grated', '6 Tbsp. mayonnaise, divided', '1 Tbsp. Dijon mustard, plus more for serving', '2 Tbsp. extra-virgin olive oil, divided', '1½ tsp. freshly ground black pepper, plus more', '1 (3½–4-lb.) whole chicken or 4 chicken legs (thigh and drumstick; about 3 lb.)', 'Kosher salt', '8 medium shallots, unpeeled, halved lengthwise', '2 lemons, divided', '1 oz. Parmesan, finely grated', '4 oz. country-style bread, torn into (1½\") pieces', '2 romaine hearts', 'leaves separated', 'torn']",
    "Image_Name": "caesar-salad-roast-chicken",
    "Instructions": "Place a rack in lower third of oven; preheat to 450°F. Whisk anchovies, garlic, 3 Tbsp. mayonnaise, 1 Tbsp. mustard, 1 Tbsp. oil, and 1½ tsp. pepper in a small bowl. Set aside 1 Tbsp. anchovy mayo in another small bowl.\nPat chicken dry; season outside and inside all over with salt. Arrange breast side up in a cast-iron skillet and tuck wings underneath. Arrange shallots around (if using legs, nestle under and around); season with salt and pepper. Brush remaining anchovy mayo all over chicken, making sure to get it into the nooks and crannies, then brush shallots with any leftover anchovy mayo.\nPlace chicken in oven so legs are facing toward the back (this is the hottest part of the oven and will help the legs cook before the breast dries out) and roast until some anchovy mayo and fat begin to drip onto shallots, about 15 minutes. Remove from oven and, using tongs, turn shallots to coat in drippings. Return skillet to oven and continue to roast chicken, stirring shallots once or twice, until golden brown and an instant-read thermometer inserted into the thickest part of breast registers 155°F, 45–55 minutes. If skin starts to get too dark on the top before chicken is done, tent area with foil, leaving the rest of the bird exposed. If using chicken legs, start checking at 40 minutes (a thermometer inserted right at the joint should register 160°F). Transfer chicken and shallots to a cutting board, leaving behind any juices and fat in skillet. If shallots need more time to soften and darken, roast a bit longer without chicken before proceeding. Reserve skillet.\nReduce oven temperature to 400°F. Finely grate half of zest of 1 lemon into a large bowl; cut lemon in half and squeeze in juice. Add reserved 1 Tbsp. anchovy mayo, remaining 3 Tbsp. mayo, and remaining 1 Tbsp. oil and whisk to combine, then stir in Parmesan. Season with salt and pepper. Set dressing aside.\nAdd bread to reserved skillet with fat and turn to coat. Return skillet to oven and toast bread, tossing halfway through, until golden brown and crisp, 12–15 minutes. Transfer croutons to bowl with reserved dressing. Add romaine and gently toss until lettuce is well coated. Season salad with salt and pepper.\nSlice remaining lemon into wedges. Carve chicken and nestle back into skillet or transfer to a platter; arrange shallots and lemon wedges around. Serve with salad and more mustard alongside.",
    "Title": "Caesar Salad Roast Chicken",
    "field1": "13"
  },
  {
    "Cleaned_Ingredients": "['1½ lb. skinless, boneless chicken thighs (4–8 depending on size)', 'Kosher salt, freshly ground pepper', '3 Tbsp. unsalted butter, divided', '2 large or 3 medium leeks, white and pale green parts only, halved lengthwise, thinly sliced', 'Zest and juice of 1 lemon, divided', '1½ cups long-grain white rice, rinsed until water runs clear', '2¾ cups low-sodium chicken broth', '1 oil-packed anchovy fillet', '2 garlic cloves', '1 Tbsp. drained capers', 'Crushed red pepper flakes', '1 cup tender herb leaves (such as parsley, cilantro, and/or mint)', '4–5 Tbsp. extra-virgin olive oil']",
    "Image_Name": "chicken-and-rice-with-leeks-and-salsa-verde",
    "Instructions": "Season chicken with salt and pepper. Melt 2 Tbsp. butter in a large high-sided skillet over medium-high heat. Add leeks and half of lemon zest, season with salt and pepper, and mix to coat leeks in butter. Reduce heat to medium-low, cover, and cook, stirring occasionally, until leeks are somewhat tender, about 5 minutes. Remove lid, increase heat to medium-high, and cook, stirring occasionally, until tender and just starting to take on color, about 3 minutes. Add rice and cook, stirring often, 3 minutes, then add broth, scraping up any browned bits. Tuck short sides of each chicken thigh underneath so they are touching and nestle seam side down into rice mixture. Bring to a simmer. Cover, reduce heat to medium-low, and cook until rice is tender and chicken is cooked through, about 20 minutes. Remove from heat. Cut remaining 1 Tbsp. butter into small pieces and scatter over mixture. Re-cover and let sit 10 minutes.\nMeanwhile, pulse anchovy, garlic, capers, a few pinches of red pepper flakes, and remaining lemon zest in a food processor until finely chopped. Add herbs; process until a paste forms. With motor running, gradually stream in oil until loosened to a thick sauce. Add half of lemon juice; season salsa verde with salt.\nDrizzle remaining lemon juice over chicken and rice. Serve with salsa verde.",
    "Title": "Chicken and Rice With Leeks and Salsa Verde",
    "field1": "14"
  },
  {
    "Cleaned_Ingredients": "['1⅓ cups instant corn masa flour (such as Maseca)', '5 Tbsp. lard, melted, or vegetable oil, divided', '2½ tsp. Diamond Crystal or 1½ tsp. Morton kosher salt, divided, plus more', '4 guajillo or dried New Mexico chiles, stems and seeds removed', '2 morita chiles, stems removed, or 2 canned chipotle chiles in adobo', '1 tsp. ground coriander or cumin', '1½ lb. medium shrimp, peeled, deveined', '4 garlic cloves, thinly sliced', '2 sprigs thyme', '1 Tbsp. apple cider vinegar', '1 tsp. agave syrup or honey', '3 Tbsp. unsalted butter, cut into pieces', 'Sliced onion', 'sliced avocado', 'cilantro leaves with tender stems', 'and lime wedges (for serving)']",
    "Image_Name": "gorditas-con-camarones",
    "Instructions": "Stir masa, 1 Tbsp. lard, 1 tsp. Diamond Crystal or ½ tsp. Morton salt, and 1 cup water in a medium bowl until a soft and slightly sticky dough forms. If dry, mix in another 1 Tbsp. water. Cover and let sit at least 30 minutes and up to 3 hours.\nMeanwhile, bring guajillo chiles, morita chiles, coriander, and 1½ cups water to a boil in a small saucepan. Cover, remove from heat, and let sit, stirring occasionally, 30 minutes to allow chiles to soften. Transfer to a blender and purée until smooth; set aside.\nPlace rack in lowest position in oven; preheat to 500°F. Brush a rimmed baking sheet with 2 Tbsp. lard. Divide dough into 4 pieces and form into balls. Set on work surface and cover with a damp kitchen towel. Place 1 ball between 2 sheets of parchment or wax paper. Using a small skillet or saucepan, gently press ball into a 5\"-diameter disk. Carefully peel away parchment; place on prepared baking sheet. Repeat with remaining balls.\nBake gorditas until outer edges are lightly golden, 10–12 minutes. Turn over and bake until golden brown and crisp, 10–12 minutes. Transfer to plates and let cool 10 minutes. Insert a paring knife into side of gordita and, using a slow sawing motion, cut open along one side (keep other side intact).\nHeat remaining 2 Tbsp. lard in a large skillet over high. Cook shrimp until lightly browned and just cooked through, about 1 minute per side. Transfer to a medium bowl. Reduce heat to medium and cook garlic in same skillet, tossing often, until beginning to brown, about 1 minute. Add thyme sprigs, vinegar, agave, 1½ tsp. Diamond Crystal or 1 tsp. Morton kosher salt, and reserved chile purée. Cook, stirring occasionally, until brick red and the consistency of a thick sauce, 6–8 minutes. Add shrimp and any juices and cook 1 minute. Remove from heat; add butter and stir constantly until melted and sauce is glossy. Season with more salt if needed. Remove and discard thyme.\nFill gorditas with shrimp mixture, onion, avocado, and cilantro. Serve with lime wedges for squeezing over.",
    "Title": "Gorditas con Camarones",
    "field1": "15"
  },
  {
    "Cleaned_Ingredients": "['5 Tbsp. vegetable oil, divided', '8 corn tortillas', '12 oz. fresh chorizo', '3 garlic cloves, crushed', '½ medium white onion, thinly sliced, plus more for serving', 'Kosher salt', '2 (15-oz.) cans black beans, rinsed, or 3 cups Frijoles de la Olla, drained', '1½ cups low-sodium chicken broth', '6 oz. queso fresco or Cotija cheese, crumbled', 'Cilantro leaves with tender stems and sliced avocado (for serving)']",
    "Image_Name": "enfrijoladas",
    "Instructions": "Using 2 Tbsp. oil, brush both sides of each tortilla. Heat a large skillet over medium-high. Working in batches, cook until lightly browned and starting to crisp, about 1 minute per side. Set aside.\nHeat remaining 3 Tbsp. oil in same skillet over medium-high. Cook chorizo, breaking up with a wooden spoon, until browned and cooked through, 7–9 minutes. Using a slotted spoon, transfer to a medium bowl; set aside.\nAdd garlic and ½ onion to same skillet, season with salt, and cook, tossing occasionally, until tender and beginning to brown, 6–8 minutes. Using slotted spoon, transfer garlic mixture to a blender; reserve pan with oil. Add beans and broth to blender and purée until smooth (it should be the consistency of yogurt); season with salt.\nSet reserved pan over medium-high and heat oil. Transfer bean purée to skillet and bring to a boil. Reduce heat to low. Working one at a time and using tongs, dip tortillas in bean purée, turning to coat and leaving until softened, about 3 seconds per side (they will soften more as they sit). Transfer to a baking sheet as you go. Spoon 1 Tbsp. chorizo and 1 Tbsp. queso fresco across the center of each tortilla; fold over like a taco.\nDivide among plates and spoon remaining bean purée over. Top with cilantro, avocado, more onion, remaining chorizo, and remaining queso.",
    "Title": "Enfrijoladas",
    "field1": "16"
  },
  {
    "Cleaned_Ingredients": "['6 Tbsp. virgin coconut oil', '4 ripe (spotted) plátanos manzanos or 2 large ripe (black) plantains, peeled, sliced in half lengthwise', 'Kosher salt', '3 cups plain unsweetened coconut milk yogurt or Greek yogurt', '2 ripe mangoes, thinly sliced', 'Toasted nuts', 'seeds', 'and/or unsweetened shredded coconut (for serving)']",
    "Image_Name": "caramelized-plantain-parfait",
    "Instructions": "Heat oil in a large nonstick skillet over medium-high. Cook plantains, turning once, until deep golden brown, about 3 minutes per side. Transfer to paper towels to drain; season with salt.\nDivide yogurt among bowls; top with plantains and mangoes, then nuts, seeds, and/or coconut as desired.",
    "Title": "Caramelized Plantain Parfait",
    "field1": "17"
  },
  {
    "Cleaned_Ingredients": "['3 lb. skin-on, bone-in chicken thighs and drumsticks', '7½ tsp. kosher salt, divided', '1 lb. small potatoes (such as fingerling or baby Yukon Gold), halved lengthwise', '8 oz. small or medium shallots, halved through root ends', '5 Tbsp. unsalted butter, divided', '¾ cup heavy cream', '2 garlic cloves, finely grated', '½ tsp. freshly ground black pepper', '¼ tsp. freshly grated or ground nutmeg', '8 sprigs thyme', '8 sage leaves', '3½ oz. country-style bread, preferably day-old, torn into large pieces', '1 lemon', 'cut into wedges (optional)']",
    "Image_Name": "chicken-and-potato-gratin-brown-butter-cream",
    "Instructions": "Season chicken all over with 4 tsp. salt. Place in an airtight container and cover. Chill at least 1 hour and up to 1 day.\nPlace a rack in middle of oven; preheat to 425°F. Toss potatoes, shallots, and 2 tsp. salt in a large bowl.\nMelt 4 Tbsp. butter in a small saucepan over medium heat and cook, stirring often, until butter foams, then browns, 5–8 minutes. Immediately remove from heat (it will continue to darken) and stir in cream, garlic, pepper, nutmeg, and remaining 1½ tsp. salt. Set saucepan over medium-low heat and cook, stirring, until salt is dissolved and mixture is warm to the touch. Stir in thyme and sage; remove from heat.\nHeat remaining 1 Tbsp. butter in a large stainless-steel skillet over medium-high until melted and bubbling. Working in 2 batches, cook chicken, skin side down, until golden underneath, about 5 minutes. Transfer chicken to a 13x9\" or 3-qt. baking dish and arrange skin side up. Set skillet with pan drippings aside. Nestle potatoes and shallots around chicken (don’t place on top). Pour brown butter cream over chicken and vegetables, making sure herbs and spices are evenly dispersed and tucking herbs into vegetables so they don’t get too crispy when they bake.\nBake gratin until cream is mostly reduced and chicken and vegetables are dark golden brown, about 40 minutes. Let gratin cool 5–10 minutes.\nMeanwhile, pulse bread in a food processor until pieces are about oat-size (you should have about 1¼ cups). Toss breadcrumbs in pan drippings in reserved skillet to coat. Cook over medium heat, scraping up browned bits with a spatula, until deep golden brown, 5–7 minutes. Let cool.\nTo serve, top gratin with breadcrumbs. Serve lemon wedges alongside for squeezing over if desired.",
    "Title": "Chicken and Potato Gratin With Brown Butter Cream",
    "field1": "18"
  },
  {
    "Cleaned_Ingredients": "['Strips of zest (no pith) from 1 medium orange', '2½ ounces fresh ginger (about one 5-inch piece), peeled and thinly shaved (use a mandoline if you have one)', '¼ cup fresh lime juice', '¼ cup champagne vinegar', '¼ cup sugar', '2 tablespoons plus ¾ teaspoon kosher salt', '2 tablespoons extra-virgin olive oil', '½ Thai chile, with seeds', '1½ pounds beets (use a mix of colors if possible), about 5 medium', '¼ cup extra-virgin olive oil', '¼ cup white wine vinegar', '¼ cup water', 'Kosher salt and freshly ground black pepper', '1 tablespoon extra-virgin olive oil', '½ cup roughly chopped cashews', '4 large sunchokes, thinly shaved (use a mandoline if you have one)', 'Vegetable oil', 'Kosher salt', '1 medium orange', 'Roasted Beets', 'Extra-virgin olive oil', 'Kosher salt', '¼ cup Pickled Orange-Ginger Puree', 'Toasted Cashews', '1 tablespoon roughly chopped tarragon', '1 tablespoon roughly chopped dill fronds', 'Sunchoke Chips']",
    "Image_Name": "roasted-beets-with-crispy-sunchokes-and-pickled-orange-ginger-puree",
    "Instructions": "Place the zest strips in a small saucepan and cover with water. Bring the water to a boil, then drain. Repeat this process two more times (blanching the orange zest removes any bitter flavors). Place the ginger and orange zest in a jar or heatproof container. In a saucepan, bring the lime juice, vinegar, sugar, and ¾ teaspoon salt to a boil. Pour over the ginger and orange. Let cool to room temperature, then cover and refrigerate overnight. The pickled ginger can be refrigerated for a couple of months.\nDrain the pickled ginger and orange and save 3 tablespoons of the pickling liquid. Add both to a blender or mini food processor, along with the olive oil, chile, and remaining 2 tablespoons salt. Blend until very smooth, scraping down the side of the blender as needed. Transfer to a container and refrigerate until ready to use. The puree can be made a couple of days ahead. (Makes about 1 cup.)\nPreheat the oven to 375°F. Place the beets in a baking dish (if using a mix of red and golden beets, separate them into two smaller dishes and divide the oil, vinegar, and water between the two dishes). Drizzle with the oil and add the water and vinegar. Season with salt and pepper. Cover the pan with foil and roast until the beets are tender when pierced with a knife; this can take anywhere from 30 minutes to an hour, depending on the thickness of the beets. Let the beets cool, then peel and cut into 1-inch wedges. Place each color of beet, along with any accumulated juices, into a small mixing bowl.\nIn a skillet, heat the oil over medium-low heat. Add the cashews and cook, stirring constantly, until golden brown. Transfer to a heat-proof bowl.\nPour 1 inch of oil into a small saucepan and add the sunchokes (there should be just enough oil to cover the sunchokes; add more oil if needed). Turn the heat to medium and stir occasionally; when the sunchokes begin to sizzle and foam, increase the temperature to high and continue frying, stirring constantly, until the sunchokes are light golden brown. At this point the sunchokes will rapidly go from golden brown to burnt, so quickly transfer the chips to paper towels to drain. Lightly season with salt. The sunchoke chips can be stored in an airtight container at room temperature for a day or two, or until they start to soften. (Makes about ½ cup.)\nUsing a sharp knife, cut the peel and pith off the orange. Working over a bowl, cut the orange between the membranes to release the segments. Dice the segments, then return them to the bowl.\nDrizzle the beet wedges with a little bit of olive oil, season with salt, and toss.\nSpread the ginger puree on the bottom of a shallow serving bowl or plate. Arrange the beets over the puree. Sprinkle the chopped orange segments over the beets and grind some pepper over the dish. Top with the cashews, herbs, and sunchoke chips. Serve.",
    "Title": "Roasted Beets With Crispy Sunchokes and Pickled Orange-Ginger Purée",
    "field1": "19"
  },
  {
    "Cleaned_Ingredients": "['¾ cup (120g or 4½ oz) toasted pepitas (pumpkin seeds)', '3 cups (90g or 3 oz) shredded kale, stems removed (about 3 large leaves)', '1 clove garlic, crushed', '1 (16 oz or 400g ) can chickpeas (garbanzo beans), rinsed, drained', '1½ teaspoons ground turmeric', '½ cup (6g or ¼ oz) coriander (cilantro) leaves', 'Sea salt and cracked black pepper', '3 cups (450g or 1 lb) firmly packed grated pumpkin', 'Extra virgin olive oil, for brushing', 'Plain Greek-style yogurt and hulled tahini, to serve', '6 carrots, shredded using a julienne peeler', '2 tablespoons apple cider vinegar', '2 tablespoons honey', '2 large red chiles, sliced', '½ cup (6g or ¼ oz) coriander (cilantro) leaves']",
    "Image_Name": "kale-and-pumpkin-falafels-with-pickled-carrot-slaw",
    "Instructions": "Preheat oven to 220°C (425°F).\nPlace the pepitas into the bowl of a food processor and process until finely chopped. Add the kale, garlic, chickpeas, turmeric, coriander, salt and pepper and process until well combined. Add the pumpkin and stir through to combine. Shape large tablespoonfuls of pumpkin mixture into balls. Place on a baking tray lined with non-stick baking paper and flatten slightly. Brush well with oil, then bake for 25 minutes or until golden and crisp.\nTo make the pickled carrot slaw, place the carrots, vinegar, honey, chile and coriander in a bowl and toss to combine. Set aside for 5 minutes to pickle.\nTo serve, divide the pickled carrot slaw between bowls and top with pumpkin falafels and serve with yoghurt and tahini.",
    "Title": "Kale and Pumpkin Falafels With Pickled Carrot Slaw",
    "field1": "20"
  }
]